<?xml version="1.0" encoding="UTF-8"?>
<!DOCTYPE mapper PUBLIC "-//mybatis.org//DTD Mapper 3.0//EN" "http://mybatis.org/dtd/mybatis-3-mapper.dtd">

<mapper namespace="com.dao.HuowukucunDao">

	<!-- 可根据自己的需求，是否要使用 -->
    <resultMap type="com.entity.HuowukucunEntity" id="huowukucunMap">
        <result property="huowumingcheng" column="huowumingcheng"/>
        <result property="guige" column="guige"/>
        <result property="shuliang" column="shuliang"/>
        <result property="huowulaiyuan" column="huowulaiyuan"/>
        <result property="yunshuhangxian" column="yunshuhangxian"/>
        <result property="huowujieshao" column="huowujieshao"/>
    </resultMap>

	<select id="selectListVO"
		resultType="com.entity.vo.HuowukucunVO" >
		SELECT * FROM huowukucun  huowukucun         
        <where> 1=1 ${ew.sqlSegment}</where>
	</select>
	
	<select id="selectVO"
		resultType="com.entity.vo.HuowukucunVO" >
		SELECT  huowukucun.* FROM huowukucun  huowukucun 	
 		<where> 1=1 ${ew.sqlSegment}</where>
	</select>

    <select id="selectListView"
		resultType="com.entity.view.HuowukucunView" >

		SELECT  huowukucun.* FROM huowukucun  huowukucun 	        
        <where> 1=1 ${ew.sqlSegment}</where>
	</select>
	
	<select id="selectView"
		resultType="com.entity.view.HuowukucunView" >
		SELECT * FROM huowukucun  huowukucun <where> 1=1 ${ew.sqlSegment}</where>
	</select>
	

</mapper>
