<?xml version="1.0" encoding="UTF-8"?>
<!DOCTYPE mapper PUBLIC "-//mybatis.org//DTD Mapper 3.0//EN" "http://mybatis.org/dtd/mybatis-3-mapper.dtd">

<mapper namespace="com.dao.HuowuchukouDao">

	<!-- 可根据自己的需求，是否要使用 -->
    <resultMap type="com.entity.HuowuchukouEntity" id="huowuchukouMap">
        <result property="huoyundanhao" column="huoyundanhao"/>
        <result property="huowumingcheng" column="huowumingcheng"/>
        <result property="guige" column="guige"/>
        <result property="shuliang" column="shuliang"/>
        <result property="chukoushijian" column="chukoushijian"/>
        <result property="jiaojieren" column="jiaojieren"/>
        <result property="beizhu" column="beizhu"/>
        <result property="gonghao" column="gonghao"/>
        <result property="xingming" column="xingming"/>
    </resultMap>

	<select id="selectListVO"
		resultType="com.entity.vo.HuowuchukouVO" >
		SELECT * FROM huowuchukou  huowuchukou         
        <where> 1=1 ${ew.sqlSegment}</where>
	</select>
	
	<select id="selectVO"
		resultType="com.entity.vo.HuowuchukouVO" >
		SELECT  huowuchukou.* FROM huowuchukou  huowuchukou 	
 		<where> 1=1 ${ew.sqlSegment}</where>
	</select>

    <select id="selectListView"
		resultType="com.entity.view.HuowuchukouView" >

		SELECT  huowuchukou.* FROM huowuchukou  huowuchukou 	        
        <where> 1=1 ${ew.sqlSegment}</where>
	</select>
	
	<select id="selectView"
		resultType="com.entity.view.HuowuchukouView" >
		SELECT * FROM huowuchukou  huowuchukou <where> 1=1 ${ew.sqlSegment}</where>
	</select>
	

</mapper>
