<?xml version="1.0" encoding="UTF-8"?>
<!DOCTYPE mapper PUBLIC "-//mybatis.org//DTD Mapper 3.0//EN" "http://mybatis.org/dtd/mybatis-3-mapper.dtd">

<mapper namespace="com.dao.KehuDao">

	<!-- 可根据自己的需求，是否要使用 -->
    <resultMap type="com.entity.KehuEntity" id="kehuMap">
        <result property="kehuzhanghao" column="kehuzhanghao"/>
        <result property="mima" column="mima"/>
        <result property="kehuxingming" column="kehuxingming"/>
        <result property="xingbie" column="xingbie"/>
        <result property="nianling" column="nianling"/>
        <result property="shouji" column="shouji"/>
        <result property="youxiang" column="youxiang"/>
    </resultMap>

	<select id="selectListVO"
		resultType="com.entity.vo.KehuVO" >
		SELECT * FROM kehu  kehu         
        <where> 1=1 ${ew.sqlSegment}</where>
	</select>
	
	<select id="selectVO"
		resultType="com.entity.vo.KehuVO" >
		SELECT  kehu.* FROM kehu  kehu 	
 		<where> 1=1 ${ew.sqlSegment}</where>
	</select>

    <select id="selectListView"
		resultType="com.entity.view.KehuView" >

		SELECT  kehu.* FROM kehu  kehu 	        
        <where> 1=1 ${ew.sqlSegment}</where>
	</select>
	
	<select id="selectView"
		resultType="com.entity.view.KehuView" >
		SELECT * FROM kehu  kehu <where> 1=1 ${ew.sqlSegment}</where>
	</select>
	

</mapper>
